ID,Class
750,Power
751,Corn
752,Comdet
753,Johnson
754,Cholette
755,Mitchell
756,Power
757,Peterson
758,Mitchell
759,Mahlers2nd
760,Kolln
761,Vision
762,Johnson
763,Hayes
764,Dent
765,Taylor
766,Corn
767,Riley
768,McKee
769,Riley
770,Johnson
771,Ashbacher
772,Neal
773,Chachra
774,Auken
775,Brody
776,CFH
777,Engineer
778,Peterson
779,Kolln
780,Auken
781,Wilson
782,Calvinnme
783,McKee
784,Wilson
785,Kolln
786,Harp
787,Mahlers2nd
788,Shea
789,Chachra
790,Vernon
791,Goonan
792,Kolln
793,Dent
794,Lawyeraau
795,Kolln
796,Bukowsky
797,Riley
798,Harp
799,Riley
800,Vernon
801,Merritt
802,Dent
803,Ashbacher
804,Power
805,Chell
806,Robert
807,Goonan
808,Blankenship
809,Kolln
810,Peterson
811,Riley
812,Taylor
813,Blankenship
814,Cutey
815,Vision
816,Kolln
817,Mark
818,Merritt
819,Chell
820,Morrison
821,McKee
822,Hayes
823,Ashbacher
824,Vision
825,Mahlers2nd
826,Sherwin
827,Lawyeraau
828,Sherwin
829,Shea
830,Power
831,Engineer
832,CFH
833,Messick
834,Sherwin
835,Agresti
836,Lee
837,Lawyeraau
838,Comdet
839,Taylor
840,Chell
841,Chell
842,Grove
843,Brody
844,Power
845,Mark
846,McKee
847,Mitchell
848,Chell
849,Lawyeraau
850,Brown
851,Kolln
852,Riley
853,Vision
854,Koenig
855,Vision
856,Dent
857,Johnson
858,Shea
859,Koenig
860,Messick
861,Power
862,Janson
863,Mark
864,Messick
865,Mark
866,McKee
867,McKee
868,Kolln
869,Mahlers2nd
870,Robert
871,Power
872,Shea
873,Riley
874,Brown
875,Vision
876,Ashbacher
877,Vision
878,Grove
879,Peterson
880,Mark
881,McKee
882,Kolln
883,Cutey
884,Grove
885,Agresti
886,Morrison
887,Mark
888,Vernon
889,Taylor
890,Janson
891,Riley
892,Kolln
893,Vision
894,Harp
895,Wilson
896,Walters
897,Neal
898,Neal
899,Vernon
900,Chell
901,Corn
902,Kolln
903,Wilson
904,Chell
905,Chandler
906,Comdet
907,Messick
908,Wilson
909,Neal
910,Agresti
911,McKee
912,Harp
913,Messick
914,Lawyeraau
915,Sherwin
916,Kolln
917,Blankenship
918,CFH
919,Vision
920,Vernon
921,Neal
922,Cutey
923,Engineer
924,Kolln
925,Mahlers2nd
926,Sherwin
927,Robert
928,Kolln
929,CFH
930,Chell
931,Mahlers2nd
932,Neal
933,Blankenship
934,Chandler
935,Vision
936,Cutey
937,Hayes
938,Mark
939,Dent
940,Merritt
941,Dent
942,Dent
943,Vision
944,Ashbacher
945,Vernon
946,Koenig
947,Comdet
948,Walters
949,Brown
950,Merritt
951,Power
952,Morrison
953,Shea
954,McKee
955,Vision
956,Vision
957,Hayes
958,Neal
959,Sherwin
960,Koenig
961,Harp
962,Goonan
963,Engineer
964,Wilson
965,Corn
966,Koenig
967,Chandler
968,Dent
969,Walters
970,Neal
971,Agresti
972,Mark
973,Blankenship
974,Shea
975,Chachra
976,Chell
977,Calvinnme
978,Cutey
979,Johnson
980,Blankenship
981,Agresti
982,Wilson
983,Walters
984,Calvinnme
985,Riley
986,Brody
987,Mark
988,Bukowsky
989,Riley
990,Vernon
991,Chell
992,Engineer
993,Koenig
994,Kolln
995,Johnson
996,Riley
997,Hayes
998,Goonan
999,Lawyeraau
1000,Blankenship
1001,Janson
1002,Merritt
1003,Johnson
1004,McKee
1005,Messick
1006,Chandler
1007,Morrison
1008,Cutey
1009,Merritt
1010,Power
1011,Merritt
1012,Kolln
1013,Mitchell
1014,McKee
1015,Auken
1016,Mark
1017,Grove
1018,Brown
1019,Chachra
1020,Mark
1021,Shea
1022,Kolln
1023,Vision
1024,Walters
1025,Brown
1026,Sherwin
1027,Messick
1028,Messick
1029,Brown
1030,Comdet
1031,McKee
1032,Messick
1033,Robert
1034,Grove
1035,Blankenship
1036,Peterson
1037,Kolln
1038,Messick
1039,Merritt
1040,Peterson
1041,Goonan
1042,Mitchell
1043,Engineer
1044,Lawyeraau
1045,Brown
1046,Kolln
1047,Auken
1048,Agresti
1049,Taylor
1050,Grove
1051,Riley
1052,Cutey
1053,Lawyeraau
1054,Kolln
1055,Grove
1056,Mahlers2nd
1057,Lee
1058,Blankenship
1059,Chandler
1060,Peterson
1061,Davisson
1062,Messick
1063,Peterson
1064,Grove
1065,Ashbacher
1066,Kolln
1067,Morrison
1068,Sherwin
1069,Walters
1070,Lawyeraau
1071,Neal
1072,Taylor
1073,Power
1074,Peterson
1075,Chachra
1076,Mahlers2nd
1077,Dent
1078,Kolln
1079,Cutey
1080,Wilson
1081,Koenig
1082,McKee
1083,Lovitt
1084,Robert
1085,Grove
1086,Lawyeraau
1087,Mitchell
1088,Hayes
1089,Wilson
1090,Messick
1091,Peterson
1092,Wilson
1093,Johnson
1094,Ashbacher
1095,Vision
1096,Chachra
1097,Kolln
1098,Grove
1099,Agresti
1100,Vision
1101,Mahlers2nd
1102,Kolln
1103,Grove
1104,Chachra
1105,Sherwin
1106,Vision
1107,Chachra
1108,Brody
1109,Chandler
1110,Vision
1111,CFH
1112,Walters
1113,Merritt
1114,Vision
1115,Janson
1116,Power
1117,Hayes
1118,Vernon
1119,Peterson
1120,Mitchell
1121,Lawyeraau
1122,Peterson
1123,Johnson
1124,Kolln
1125,Hayes
1126,Mark
1127,Mitchell
1128,Johnson
1129,Mahlers2nd
1130,Shea
1131,Auken
1132,Ashbacher
1133,Janson
1134,Power
1135,Mark
1136,Goonan
1137,McKee
1138,Vision
1139,Mark
1140,Hayes
1141,Taylor
1142,Chandler
1143,Messick
1144,Auken
1145,Engineer
1146,Cutey
1147,Morrison
1148,Chell
1149,Vision
1150,Cutey
1151,Bukowsky
1152,Corn
1153,Wilson
1154,Cutey
1155,Grove
1156,Goonan
1157,McKee
1158,Merritt
1159,Engineer
1160,Auken
1161,Mitchell
1162,Power
1163,Mark
1164,Taylor
1165,Cutey
1166,Harp
1167,Wilson
1168,Janson
1169,Robert
1170,Ashbacher
1171,Peterson
1172,Power
1173,Kolln
1174,Mitchell
1175,Morrison
1176,Vernon
1177,CFH
1178,Morrison
1179,Riley
1180,Mahlers2nd
1181,Kolln
1182,Dent
1183,Mahlers2nd
1184,Vernon
1185,Lee
1186,Goonan
1187,McKee
1188,Hayes
1189,Agresti
1190,Hayes
1191,Blankenship
1192,Peterson
1193,Brody
1194,Vision
1195,Walters
1196,Morrison
1197,Grove
1198,Brown
1199,Lawyeraau
1200,McKee
1201,Goonan
1202,Kolln
1203,Chandler
1204,Hayes
1205,CFH
1206,Chachra
1207,Kolln
1208,Wilson
1209,Kolln
1210,Lee
1211,Lee
1212,Cutey
1213,McKee
1214,CFH
1215,Wilson
1216,Power
1217,Kolln
1218,Chachra
1219,Calvinnme
1220,Vernon
1221,Power
1222,Robert
1223,Messick
1224,Vision
1225,Messick
1226,Mitchell
1227,McKee
1228,Mitchell
1229,Corn
1230,Shea
1231,Janson
1232,Brown
1233,Harp
1234,Dent
1235,Agresti
1236,Lawyeraau
1237,Hayes
1238,Engineer
1239,Kolln
1240,Blankenship
1241,Shea
1242,Brown
1243,Brody
1244,Cutey
1245,Merritt
1246,Wilson
1247,Riley
1248,McKee
1249,Mitchell
1250,Koenig
1251,Riley
1252,Brody
1253,Wilson
1254,Agresti
1255,Mahlers2nd
1256,Davisson
1257,Davisson
1258,Goonan
1259,Robert
1260,Kolln
1261,Harp
1262,Goonan
1263,Grove
1264,Koenig
1265,Mitchell
1266,Robert
1267,Sherwin
1268,Chachra
1269,Chachra
1270,Riley
1271,Koenig
1272,Mark
1273,Chachra
1274,Harp
1275,Agresti
1276,McKee
1277,Vision
1278,Wilson
1279,Kolln
1280,Lovitt
1281,Mahlers2nd
1282,Davisson
1283,Grove
1284,McKee
1285,Hayes
1286,Wilson
1287,CFH
1288,Chandler
1289,Dent
1290,Koenig
1291,Koenig
1292,Peterson
1293,Janson
1294,Wilson
1295,Cutey
1296,Taylor
1297,Cutey
1298,Ashbacher
1299,Blankenship
1300,CFH
1301,Robert
1302,Mahlers2nd
1303,Harp
1304,Goonan
1305,Kolln
1306,Mahlers2nd
1307,CFH
1308,Agresti
1309,Cutey
1310,Mahlers2nd
1311,Dent
1312,Chachra
1313,Mark
1314,Goonan
1315,McKee
1316,Nigam
1317,Engineer
1318,Wilson
1319,Power
1320,Riley
1321,Vision
1322,McKee
1323,Wilson
1324,Wilson
1325,Comdet
1326,Vision
1327,Chell
1328,Goonan
1329,Mahlers2nd
1330,Kolln
1331,Taylor
1332,Harp
1333,Chachra
1334,McKee
1335,Shea
1336,Morrison
1337,Mahlers2nd
1338,Brown
1339,Sherwin
1340,Harp
1341,Wilson
1342,McKee
1343,Lawyeraau
1344,Ashbacher
1345,Vision
1346,Auken
1347,McKee
1348,Taylor
1349,McKee
1350,Messick
1351,Merritt
1352,Harp
1353,Chandler
1354,Lawyeraau
1355,Grove
1356,Hayes
1357,Hayes
1358,Morrison
1359,Mark
1360,Brown
1361,Kolln
1362,Vision
1363,Corn
1364,Morrison
1365,Brown
1366,Johnson
1367,McKee
1368,Wilson
1369,Grove
1370,Morrison
1371,Morrison
1372,Lawyeraau
1373,Mahlers2nd
1374,Cutey
1375,Sherwin
1376,Morrison
1377,McKee
1378,Vision
1379,Wilson
1380,Chandler
1381,CFH
1382,Sherwin
1383,Messick
1384,Cutey
1385,Shea
1386,CFH
1387,Kolln
1388,Engineer
1389,Kolln
1390,Comdet
1391,Goonan
1392,Mitchell
1393,Sherwin
1394,Johnson
1395,Agresti
1396,Peterson
1397,Blankenship
1398,Vision
1399,McKee
1400,Harp
1401,Wilson
1402,Mahlers2nd
1403,Engineer
1404,Shea
1405,Mitchell
1406,Neal
1407,Ashbacher
1408,Power
1409,Mahlers2nd
1410,CFH
1411,Mitchell
1412,Cutey
1413,Messick
1414,Robert
1415,Comdet
1416,Comdet
1417,CFH
1418,Shea
1419,Ashbacher
1420,Wilson
1421,Goonan
1422,Johnson
1423,Merritt
1424,Cutey
1425,CFH
1426,Dent
1427,Calvinnme
1428,Goonan
1429,Cholette
1430,Sherwin
1431,Taylor
1432,Comdet
1433,Lawyeraau
1434,Peterson
1435,McKee
1436,Kolln
1437,Vision
1438,Merritt
1439,Mitchell
1440,McKee
1441,Auken
1442,Brown
1443,Morrison
1444,Kolln
1445,Vernon
1446,Messick
1447,Brown
1448,Morrison
1449,Mark
1450,Wilson
1451,Neal
1452,Taylor
1453,Grove
1454,Agresti
1455,Chandler
1456,Wilson
1457,Robert
1458,Brown
1459,Brody
1460,Mitchell
1461,Lee
1462,Merritt
1463,Kolln
1464,Robert
1465,Hayes
1466,Chell
1467,Brody
1468,Lawyeraau
1469,Comdet
1470,Mitchell
1471,Ashbacher
1472,Mark
1473,Riley
1474,Corn
1475,Peterson
1476,Merritt
1477,Chandler
1478,Chell
1479,Sherwin
1480,Blankenship
1481,Vision
1482,Kolln
1483,Goonan
1484,Ashbacher
1485,Corn
1486,Vernon
1487,Neal
1488,Hayes
1489,Taylor
1490,Harp
1491,Lawyeraau
1492,Cholette
1493,Blankenship
1494,Sherwin
1495,Shea
1496,Chandler
1497,Power
1498,Grove
1499,Koenig
